{
    "config": {
        "size": 5,
        "obstacle_density": 0.2,
        "maps": 10,
        "num_agents": 2,
        "num_states": 2500,
        "obs_radius": 2,
        "epochs": 100,
        "episodes_per_epoch": 20,
        "episode_length": 25,
        "learning_rate": 0.005,
        "gamma": 0.99,
        "epsilon_max": 1,
        "epsilon_min": 0.1,
        "renders": "renders/",
        "solution_concept": "MinimaxSolutionConcept",
        "save_every": 10
    },
    "metrics": {
        "individual_reward_per_epoch": [
            -2.400000000000001,
            -2.400000000000001,
            -2.400000000000001,
            -2.400000000000001,
            -2.400000000000001,
            -2.400000000000001,
            -2.400000000000001,
            -2.400000000000001,
            -2.400000000000001,
            -2.400000000000001,
            -2.400000000000001,
            -2.400000000000001,
            -2.400000000000001,
            -2.400000000000001,
            -2.400000000000001,
            -2.400000000000001,
            -1.1700000000000006,
            -1.1700000000000006,
            -1.1700000000000006,
            -1.1700000000000006,
            -1.1700000000000006,
            -1.1700000000000006,
            -1.1700000000000006,
            -2.400000000000001,
            -2.400000000000001,
            -2.400000000000001,
            -2.400000000000001,
            -2.400000000000001,
            -2.400000000000001,
            -2.400000000000001,
            -2.400000000000001,
            -2.400000000000001,
            -2.400000000000001,
            -2.400000000000001,
            -2.400000000000001,
            -2.400000000000001,
            -2.400000000000001,
            -2.400000000000001,
            -2.400000000000001,
            -2.400000000000001,
            -2.400000000000001,
            -2.400000000000001,
            -2.400000000000001,
            -2.400000000000001,
            -2.400000000000001,
            -2.400000000000001,
            -2.400000000000001,
            -1.1700000000000006,
            -1.1700000000000006,
            -1.1700000000000006,
            -1.1700000000000006,
            -1.1700000000000006,
            -1.1700000000000006,
            -1.1700000000000006,
            -1.1700000000000006,
            -1.1700000000000006,
            -1.1700000000000006,
            -1.1700000000000006,
            -1.1700000000000006,
            -1.1700000000000006,
            -1.1700000000000006,
            0.059999999999999415,
            0.059999999999999415,
            0.059999999999999415,
            0.059999999999999415,
            -1.1700000000000006,
            -1.1700000000000006,
            -1.1700000000000006,
            -1.1700000000000006,
            -1.1700000000000006,
            -1.1700000000000006,
            -1.1700000000000006,
            -1.1700000000000006,
            -1.1700000000000006,
            -1.1700000000000006,
            -1.1700000000000006,
            -1.1700000000000006,
            -1.1700000000000006,
            -1.1700000000000006,
            -1.1700000000000006,
            -1.1700000000000006,
            -1.1700000000000006,
            -1.1700000000000006,
            -1.1700000000000006,
            -1.1700000000000006,
            -1.1700000000000006,
            -1.1700000000000006,
            -1.1700000000000006,
            -1.1700000000000006,
            -1.1700000000000006,
            -1.1700000000000006,
            -1.1700000000000006,
            0.059999999999999415,
            0.059999999999999415,
            0.059999999999999415,
            0.059999999999999415,
            0.059999999999999415,
            -1.1700000000000006,
            -1.1700000000000006,
            -1.1700000000000006
        ],
        "collective_reward_per_epoch": [
            -4.800000000000002,
            -4.800000000000002,
            -4.800000000000002,
            -4.800000000000002,
            -4.800000000000002,
            -4.800000000000002,
            -4.800000000000002,
            -4.800000000000002,
            -3.5900000000000007,
            -4.800000000000002,
            -4.800000000000002,
            -4.800000000000002,
            -4.800000000000002,
            -4.800000000000002,
            -4.800000000000002,
            -3.560000000000001,
            -2.330000000000001,
            -2.330000000000001,
            -2.330000000000001,
            -3.570000000000001,
            -3.570000000000001,
            -3.570000000000001,
            -3.570000000000001,
            -4.800000000000002,
            -4.800000000000002,
            -4.800000000000002,
            -4.800000000000002,
            -4.800000000000002,
            -4.800000000000002,
            -4.800000000000002,
            -4.800000000000002,
            -4.800000000000002,
            -4.800000000000002,
            -4.800000000000002,
            -4.800000000000002,
            -4.800000000000002,
            -4.800000000000002,
            -3.560000000000001,
            -3.560000000000001,
            -3.560000000000001,
            -3.560000000000001,
            -3.560000000000001,
            -3.560000000000001,
            -3.560000000000001,
            -3.560000000000001,
            -3.560000000000001,
            -3.560000000000001,
            -2.3300000000000014,
            -2.3300000000000014,
            -2.3300000000000014,
            -2.3300000000000014,
            -2.3300000000000014,
            -2.3300000000000014,
            -2.3300000000000014,
            -2.3300000000000014,
            -2.3300000000000014,
            -2.3300000000000014,
            -2.3300000000000014,
            -2.3300000000000014,
            -2.3300000000000014,
            -2.3300000000000014,
            -1.1000000000000014,
            -1.1000000000000014,
            -1.1000000000000014,
            -1.1000000000000014,
            -2.3300000000000014,
            -2.3300000000000014,
            -2.3300000000000014,
            -2.3300000000000014,
            -2.3300000000000014,
            -2.3300000000000014,
            -2.3300000000000014,
            -2.3300000000000014,
            -2.3300000000000014,
            -2.3300000000000014,
            -2.3300000000000014,
            -2.3300000000000014,
            -2.3300000000000014,
            -2.3300000000000014,
            -2.3300000000000014,
            -2.3300000000000014,
            -2.3300000000000014,
            -2.3300000000000014,
            -2.3300000000000014,
            -2.3300000000000014,
            -2.3300000000000014,
            -2.3300000000000014,
            -2.3300000000000014,
            -2.3300000000000014,
            -2.3300000000000014,
            -2.3300000000000014,
            -2.3300000000000014,
            -1.1000000000000014,
            -1.1000000000000014,
            -1.1000000000000014,
            -1.1000000000000014,
            -1.1000000000000014,
            -2.3300000000000014,
            -2.3300000000000014,
            -2.3300000000000014
        ],