{
    "config": {
        "size": 7,
        "obstacle_density": 0.3,
        "maps": 10,
        "num_agents": 2,
        "num_states": 9604,
        "obs_radius": 3,
        "epochs": 100,
        "episodes_per_epoch": 10,
        "episode_length": 49,
        "learning_rate": 0.05,
        "gamma": 0.99,
        "epsilon_max": 1,
        "epsilon_min": 0.1,
        "renders": "renders/",
        "solution_concept": "MinimaxSolutionConcept",
        "save_every": 10
    },
    "metrics": {
        "individual_reward_per_epoch": [
            -4.800000000000003,
            -4.800000000000003,
            -4.800000000000003,
            -4.800000000000003,
            -4.800000000000003,
            -4.800000000000003,
            -4.800000000000003,
            -4.800000000000003,
            -4.800000000000003,
            -4.800000000000003,
            -4.800000000000003,
            -4.800000000000003,
            -4.800000000000003,
            -4.800000000000003,
            -4.800000000000003,
            -4.800000000000003,
            -4.800000000000003,
            -4.800000000000003,
            -4.800000000000003,
            -4.800000000000003,
            -3.3200000000000025,
            -3.3200000000000025,
            -3.3200000000000025,
            -3.3200000000000025,
            -3.3200000000000025,
            -3.3200000000000025,
            -3.3200000000000025,
            -3.3200000000000025,
            -3.3200000000000025,
            -3.3200000000000025,
            -3.3200000000000025,
            -3.3200000000000025,
            -3.3200000000000025,
            -3.3200000000000025,
            -3.3200000000000025,
            -3.3200000000000025,
            -3.3200000000000025,
            -3.3200000000000025,
            -3.3200000000000025,
            -3.3200000000000025,
            -3.3200000000000025,
            -3.3200000000000025,
            -3.3200000000000025,
            -4.800000000000003,
            -4.800000000000003,
            -3.3200000000000025,
            -3.3200000000000025,
            -3.3200000000000025,
            -3.3200000000000025,
            -3.3200000000000025,
            -3.3200000000000025,
            -3.3200000000000025,
            -3.3200000000000025,
            -3.3200000000000025,
            -3.3200000000000025,
            -3.3200000000000025,
            -3.3200000000000025,
            -3.3200000000000025,
            -3.3200000000000025,
            -4.800000000000003,
            -4.800000000000003,
            -3.3200000000000025,
            -4.800000000000003,
            -4.800000000000003,
            -4.800000000000003,
            -4.800000000000003,
            -4.800000000000003,
            -4.800000000000003,
            -4.800000000000003,
            -4.800000000000003,
            -4.800000000000003,
            -3.3200000000000025,
            -3.3200000000000025,
            -3.3200000000000025,
            -3.3200000000000025,
            -3.3200000000000025,
            -3.3200000000000025,
            -3.3200000000000025,
            -3.3200000000000025,
            -3.3200000000000025,
            -3.3200000000000025,
            -3.3200000000000025,
            -3.3200000000000025,
            -3.3200000000000025,
            -3.3200000000000025,
            -3.3200000000000025,
            -3.3200000000000025,
            -3.3200000000000025,
            -3.3200000000000025,
            -3.3200000000000025,
            -3.3200000000000025,
            -3.3200000000000025,
            -3.3200000000000025,
            -3.3200000000000025,
            -3.3200000000000025,
            -3.3200000000000025,
            -3.3200000000000025,
            -3.3200000000000025,
            -3.3200000000000025,
            -3.3200000000000025
        ],
        "collective_reward_per_epoch": [
            -9.600000000000007,
            -9.600000000000007,
            -9.600000000000007,
            -9.600000000000007,
            -9.600000000000007,
            -9.600000000000007,
            -9.600000000000007,
            -9.600000000000007,
            -9.600000000000007,
            -9.600000000000007,
            -9.600000000000007,
            -9.600000000000007,
            -9.600000000000007,
            -9.600000000000007,
            -9.600000000000007,
            -9.600000000000007,
            -9.600000000000007,
            -9.600000000000007,
            -9.600000000000007,
            -9.600000000000007,
            -8.120000000000006,
            -8.120000000000006,
            -8.120000000000006,
            -8.120000000000006,
            -8.120000000000006,
            -8.120000000000006,
            -8.120000000000006,
            -8.120000000000006,
            -8.120000000000006,
            -8.120000000000006,
            -8.120000000000006,
            -8.120000000000006,
            -8.120000000000006,
            -8.120000000000006,
            -8.120000000000006,
            -8.120000000000006,
            -8.120000000000006,
            -8.120000000000006,
            -8.120000000000006,
            -8.120000000000006,
            -8.120000000000006,
            -8.120000000000006,
            -8.120000000000006,
            -9.600000000000007,
            -9.600000000000007,
            -8.120000000000006,
            -8.120000000000006,
            -8.120000000000006,
            -8.120000000000006,
            -8.120000000000006,
            -8.120000000000006,
            -8.120000000000006,
            -8.120000000000006,
            -8.120000000000006,
            -8.120000000000006,
            -8.120000000000006,
            -8.120000000000006,
            -8.120000000000006,
            -8.120000000000006,
            -9.600000000000007,
            -9.600000000000007,
            -8.120000000000006,
            -9.600000000000007,
            -9.600000000000007,
            -9.600000000000007,
            -9.600000000000007,
            -9.600000000000007,
            -9.600000000000007,
            -9.600000000000007,
            -9.600000000000007,
            -9.600000000000007,
            -8.120000000000006,
            -8.120000000000006,
            -8.120000000000006,
            -8.120000000000006,
            -8.120000000000006,
            -8.120000000000006,
            -8.120000000000006,
            -8.120000000000006,
            -8.120000000000006,
            -8.120000000000006,
            -8.120000000000006,
            -8.120000000000006,
            -8.120000000000006,
            -8.120000000000006,
            -8.120000000000006,
            -8.120000000000006,
            -8.120000000000006,
            -8.120000000000006,
            -8.120000000000006,
            -8.120000000000006,
            -8.120000000000006,
            -8.120000000000006,
            -8.120000000000006,
            -8.120000000000006,
            -6.6600000000000055,
            -6.6600000000000055,
            -6.6600000000000055,
            -8.120000000000006,
            -8.120000000000006
        ],