{
    "config": {
        "size": 8,
        "obstacle_density": 0.4,
        "maps": 10,
        "num_agents": 2,
        "num_states": 16384,
        "obs_radius": 3,
        "epochs": 100,
        "episodes_per_epoch": 10,
        "episode_length": 64,
        "learning_rate": 0.05,
        "gamma": 0.99,
        "epsilon_max": 1,
        "epsilon_min": 0.1,
        "renders": "renders/",
        "solution_concept": "MinimaxSolutionConcept",
        "save_every": 10
    },
    "metrics": {
        "individual_reward_per_epoch": [
            -6.300000000000004,
            -4.6700000000000035,
            -6.300000000000004,
            -6.300000000000004,
            -6.300000000000004,
            -6.300000000000004,
            -6.300000000000004,
            -6.300000000000004,
            -6.300000000000004,
            -3.0400000000000027,
            -4.6700000000000035,
            -3.0400000000000027,
            -1.4100000000000024,
            -3.0400000000000027,
            -4.6700000000000035,
            -4.6700000000000035,
            -4.6700000000000035,
            -3.0400000000000027,
            -3.0400000000000027,
            -4.6700000000000035,
            -4.6700000000000035,
            -6.300000000000004,
            -6.300000000000004,
            -6.300000000000004,
            -4.690000000000003,
            -6.300000000000004,
            -4.6700000000000035,
            -4.6700000000000035,
            -4.6700000000000035,
            -4.6700000000000035,
            -4.6700000000000035,
            -3.0500000000000025,
            -3.0500000000000025,
            -3.0500000000000025,
            -3.0500000000000025,
            -1.4200000000000024,
            -1.4200000000000024,
            -1.4200000000000024,
            -1.4200000000000024,
            -1.4200000000000024,
            -1.4200000000000024,
            -3.0500000000000025,
            -3.0500000000000025,
            -1.4200000000000024,
            -1.4200000000000024,
            -1.4200000000000024,
            -1.4200000000000024,
            -1.4200000000000024,
            -3.0400000000000027,
            -3.0400000000000027,
            -4.6700000000000035,
            -4.6700000000000035,
            -4.6700000000000035,
            -4.6700000000000035,
            -4.6700000000000035,
            -4.6700000000000035,
            -4.6700000000000035,
            -4.6700000000000035,
            -3.0400000000000027,
            -3.0400000000000027,
            -1.4100000000000024,
            -1.4100000000000024,
            -3.0400000000000027,
            -1.4100000000000024,
            -1.4100000000000024,
            -3.0400000000000027,
            -3.0400000000000027,
            -3.0400000000000027,
            -3.0400000000000027,
            -4.6700000000000035,
            -4.6700000000000035,
            -4.6700000000000035,
            -6.300000000000004,
            -6.300000000000004,
            -6.300000000000004,
            -6.300000000000004,
            -6.300000000000004,
            -6.300000000000004,
            -6.300000000000004,
            -6.300000000000004,
            -6.300000000000004,
            -6.300000000000004,
            -6.300000000000004,
            -4.6700000000000035,
            -4.6700000000000035,
            -4.6700000000000035,
            -4.6700000000000035,
            -4.6700000000000035,
            -4.6700000000000035,
            -4.6700000000000035,
            -6.300000000000004,
            -6.300000000000004,
            -6.300000000000004,
            -6.300000000000004,
            -6.300000000000004,
            -6.300000000000004,
            -6.300000000000004,
            -6.300000000000004,
            -6.300000000000004,
            -6.300000000000004
        ],
        "collective_reward_per_epoch": [
            -12.600000000000009,
            -9.350000000000005,
            -10.980000000000008,
            -12.600000000000009,
            -12.600000000000009,
            -12.600000000000009,
            -10.97000000000001,
            -10.97000000000001,
            -12.600000000000009,
            -9.340000000000007,
            -9.340000000000007,
            -7.710000000000006,
            -6.080000000000005,
            -7.710000000000006,
            -9.340000000000007,
            -9.340000000000007,
            -7.720000000000006,
            -6.090000000000005,
            -6.090000000000005,
            -9.350000000000009,
            -9.350000000000009,
            -12.600000000000009,
            -12.600000000000009,
            -12.600000000000009,
            -10.990000000000006,
            -10.980000000000008,
            -10.97000000000001,
            -9.340000000000007,
            -9.340000000000007,
            -9.340000000000007,
            -9.340000000000007,
            -7.720000000000006,
            -7.720000000000006,
            -7.720000000000006,
            -7.720000000000006,
            -6.090000000000006,
            -6.090000000000006,
            -6.090000000000006,
            -6.090000000000006,
            -6.090000000000006,
            -6.090000000000006,
            -7.720000000000006,
            -7.720000000000006,
            -6.090000000000006,
            -6.090000000000006,
            -6.090000000000006,
            -6.090000000000006,
            -6.090000000000006,
            -7.710000000000006,
            -7.710000000000006,
            -9.340000000000007,
            -9.340000000000007,
            -9.340000000000007,
            -9.340000000000007,
            -9.340000000000007,
            -9.340000000000007,
            -9.340000000000007,
            -9.340000000000007,
            -7.710000000000006,
            -7.710000000000006,
            -6.080000000000005,
            -6.080000000000005,
            -7.710000000000006,
            -6.080000000000005,
            -7.710000000000006,
            -9.340000000000007,
            -9.340000000000007,
            -9.340000000000007,
            -9.340000000000007,
            -10.970000000000006,
            -10.970000000000006,
            -10.970000000000006,
            -12.600000000000009,
            -12.600000000000009,
            -12.600000000000009,
            -10.980000000000008,
            -10.980000000000008,
            -10.980000000000008,
            -10.980000000000008,
            -10.980000000000008,
            -10.980000000000008,
            -12.600000000000009,
            -12.600000000000009,
            -10.970000000000006,
            -10.970000000000006,
            -10.970000000000006,
            -10.970000000000006,
            -10.970000000000006,
            -10.970000000000006,
            -10.970000000000006,
            -12.600000000000009,
            -12.600000000000009,
            -12.600000000000009,
            -12.600000000000009,
            -12.600000000000009,
            -12.600000000000009,
            -12.600000000000009,
            -12.600000000000009,
            -12.600000000000009,
            -12.600000000000009
        ],