{
    "config": {
        "size": 4,
        "obstacle_density": 0.1,
        "maps": 10,
        "num_agents": 2,
        "num_states": 1024,
        "obs_radius": 1,
        "epochs": 100,
        "episodes_per_epoch": 30,
        "episode_length": 16,
        "learning_rate": 0.05,
        "gamma": 0.99,
        "epsilon_max": 1,
        "epsilon_min": 0.1,
        "renders": "renders/",
        "solution_concept": "MinimaxSolutionConcept",
        "save_every": 10
    },
    "metrics": {
        "individual_reward_per_epoch": [
            -1.4999999999999998,
            -0.36,
            -1.4999999999999998,
            -1.4999999999999998,
            -1.4999999999999998,
            -1.4999999999999998,
            -1.4999999999999998,
            -1.4999999999999998,
            -1.4999999999999998,
            -0.35,
            -0.35,
            -0.35,
            -0.35,
            -0.35,
            -1.4999999999999998,
            -1.4999999999999998,
            -1.4999999999999998,
            -1.4999999999999998,
            -0.35,
            -1.4999999999999998,
            -1.4999999999999998,
            -1.4999999999999998,
            -1.4999999999999998,
            -1.4999999999999998,
            -0.37,
            -0.37,
            -0.37,
            -1.4999999999999998,
            -1.4999999999999998,
            -0.38,
            -0.39,
            -1.4999999999999998,
            -1.4999999999999998,
            -1.4999999999999998,
            -1.4999999999999998,
            -1.4999999999999998,
            -1.4999999999999998,
            -1.4999999999999998,
            -1.4999999999999998,
            -1.4999999999999998,
            -1.4999999999999998,
            -1.4999999999999998,
            -1.4999999999999998,
            -1.4999999999999998,
            -1.4999999999999998,
            -1.4999999999999998,
            -1.4999999999999998,
            -1.4999999999999998,
            -1.4999999999999998,
            -1.4999999999999998,
            -1.4999999999999998,
            -1.4999999999999998,
            -1.4999999999999998,
            -0.37,
            -0.37,
            -0.37,
            -0.37,
            -0.37,
            -0.37,
            -0.37,
            -0.37,
            0.7399999999999999,
            -1.4999999999999998,
            -1.4999999999999998,
            -1.4999999999999998,
            -1.4999999999999998,
            -1.4999999999999998,
            -1.4999999999999998,
            -1.4999999999999998,
            -1.4999999999999998,
            -1.4999999999999998,
            -1.4999999999999998,
            -1.4999999999999998,
            -1.4999999999999998,
            -1.4999999999999998,
            -1.4999999999999998,
            -1.4999999999999998,
            -1.4999999999999998,
            -1.4999999999999998,
            -1.4999999999999998,
            -1.4999999999999998,
            -1.4999999999999998,
            -1.4999999999999998,
            -1.4999999999999998,
            -1.4999999999999998,
            -1.4999999999999998,
            -1.4999999999999998,
            -1.4999999999999998,
            -1.4999999999999998,
            -1.4999999999999998,
            -1.4999999999999998,
            -1.4999999999999998,
            -1.4999999999999998,
            -1.4999999999999998,
            -1.4999999999999998,
            -1.4999999999999998,
            -1.4999999999999998,
            -1.4999999999999998,
            -1.4999999999999998,
            -1.4999999999999998
        ],
        "collective_reward_per_epoch": [
            -2.9999999999999996,
            -1.86,
            -2.9999999999999996,
            -2.9999999999999996,
            -2.9999999999999996,
            -2.9999999999999996,
            -2.9999999999999996,
            -2.9999999999999996,
            -0.7100000000000001,
            -0.7000000000000001,
            -0.7000000000000001,
            0.44000000000000006,
            0.44000000000000006,
            0.44000000000000006,
            -0.7100000000000001,
            -0.7100000000000001,
            -1.8499999999999996,
            -0.7100000000000001,
            0.44000000000000006,
            -1.8499999999999996,
            -0.7100000000000001,
            -1.8499999999999996,
            -0.7100000000000001,
            -0.7100000000000001,
            0.41999999999999993,
            0.4099999999999999,
            -0.7199999999999999,
            -1.8499999999999996,
            -1.8499999999999996,
            0.4099999999999999,
            -0.7399999999999999,
            -1.8499999999999996,
            -0.7100000000000001,
            -0.7100000000000001,
            -0.7100000000000001,
            -0.7100000000000001,
            -0.7100000000000001,
            -0.7100000000000001,
            -0.7100000000000001,
            -0.7100000000000001,
            -0.7100000000000001,
            -0.7100000000000001,
            -0.7100000000000001,
            -0.7100000000000001,
            -0.7100000000000001,
            -0.7100000000000001,
            0.43000000000000005,
            -0.7100000000000001,
            -0.7100000000000001,
            -0.7100000000000001,
            -0.7500000000000001,
            -1.8499999999999996,
            -1.8499999999999996,
            -0.7199999999999999,
            -0.7199999999999999,
            0.39,
            0.39,
            0.39,
            0.39,
            0.39,
            0.39,
            1.5,
            -1.8499999999999996,
            -1.8499999999999996,
            -1.8499999999999996,
            -1.8499999999999996,
            -1.8499999999999996,
            -1.8499999999999996,
            -1.8499999999999996,
            -1.8499999999999996,
            -0.7100000000000001,
            -1.8499999999999996,
            -1.8499999999999996,
            -1.8499999999999996,
            -1.8499999999999996,
            -1.8499999999999996,
            -1.8499999999999996,
            -1.8499999999999996,
            -1.8499999999999996,
            -1.8499999999999996,
            -1.8499999999999996,
            -1.8499999999999996,
            -1.8499999999999996,
            -1.8499999999999996,
            -1.8499999999999996,
            -1.8499999999999996,
            -1.8499999999999996,
            -1.8499999999999996,
            -1.8499999999999996,
            -1.8499999999999996,
            -1.8499999999999996,
            -1.8499999999999996,
            -1.8499999999999996,
            -1.8499999999999996,
            -1.8499999999999996,
            -1.8499999999999996,
            -1.8499999999999996,
            -1.8499999999999996,
            -1.8499999999999996,
            -1.8499999999999996
        ],