{
    "config": {
        "size": 8,
        "obstacle_density": 0.4,
        "maps": 10,
        "num_agents": 2,
        "num_states": 16384,
        "obs_radius": 3,
        "epochs": 100,
        "episodes_per_epoch": 10,
        "episode_length": 64,
        "learning_rate": 0.0001,
        "gamma": 0.99,
        "epsilon_max": 1,
        "epsilon_min": 0.3,
        "renders": "renders/",
        "solution_concept": "WelfareSolutionConcept",
        "save_every": 10
    },
    "metrics": {
        "individual_reward_per_epoch": [
            -1.4100000000000024,
            -3.0400000000000027,
            -1.4100000000000024,
            -1.4100000000000024,
            -3.0400000000000027,
            -1.4100000000000024,
            0.21999999999999797,
            1.8199999999999985,
            1.8199999999999985,
            1.8199999999999985,
            1.8199999999999985,
            1.8199999999999985,
            1.8199999999999985,
            1.8199999999999985,
            1.8199999999999985,
            0.21999999999999797,
            0.21999999999999797,
            0.21999999999999797,
            0.21999999999999797,
            0.21999999999999797,
            0.21999999999999797,
            0.21999999999999797,
            0.21999999999999797,
            0.21999999999999797,
            0.21999999999999797,
            0.21999999999999797,
            0.21999999999999797,
            0.21999999999999797,
            0.21999999999999797,
            0.21999999999999797,
            0.21999999999999797,
            0.21999999999999797,
            0.21999999999999797,
            0.21999999999999797,
            0.21999999999999797,
            0.21999999999999797,
            0.21999999999999797,
            0.21999999999999797,
            0.21999999999999797,
            0.21999999999999797,
            0.21999999999999797,
            0.21999999999999797,
            0.21999999999999797,
            0.21999999999999797,
            0.21999999999999797,
            0.21999999999999797,
            0.21999999999999797,
            0.21999999999999797,
            0.21999999999999797,
            0.21999999999999797,
            0.21999999999999797,
            0.21999999999999797,
            0.21999999999999797,
            0.21999999999999797,
            0.21999999999999797,
            0.21999999999999797,
            0.21999999999999797,
            0.21999999999999797,
            0.21999999999999797,
            0.21999999999999797,
            0.21999999999999797,
            0.21999999999999797,
            0.21999999999999797,
            0.21999999999999797,
            0.21999999999999797,
            0.21999999999999797,
            0.21999999999999797,
            0.21999999999999797,
            0.21999999999999797,
            0.21999999999999797,
            0.21999999999999797,
            0.21999999999999797,
            0.21999999999999797,
            0.21999999999999797,
            0.21999999999999797,
            0.21999999999999797,
            0.21999999999999797,
            0.21999999999999797,
            0.21999999999999797,
            0.21999999999999797,
            0.21999999999999797,
            0.21999999999999797,
            0.21999999999999797,
            0.21999999999999797,
            0.21999999999999797,
            0.21999999999999797,
            0.21999999999999797,
            0.21999999999999797,
            0.21999999999999797,
            0.21999999999999797,
            0.21999999999999797,
            0.21999999999999797,
            0.21999999999999797,
            0.21999999999999797,
            0.21999999999999797,
            0.21999999999999797,
            0.21999999999999797,
            0.21999999999999797,
            0.21999999999999797,
            0.21999999999999797
        ],
        "collective_reward_per_epoch": [
            -2.840000000000005,
            -4.470000000000005,
            -2.840000000000005,
            -2.840000000000005,
            -2.850000000000005,
            -1.2200000000000044,
            0.40999999999999615,
            0.3899999999999957,
            0.3899999999999957,
            2.0099999999999962,
            0.3899999999999957,
            -1.2300000000000046,
            -1.2300000000000046,
            -1.2300000000000046,
            0.3899999999999957,
            -1.2100000000000044,
            -1.2100000000000044,
            -1.2100000000000044,
            -1.2100000000000044,
            -1.2100000000000044,
            -1.2100000000000044,
            -1.2100000000000044,
            -2.8300000000000045,
            -2.8300000000000045,
            -2.8300000000000045,
            -2.8300000000000045,
            -1.2100000000000044,
            -1.2100000000000044,
            -1.2100000000000044,
            -1.2100000000000044,
            -2.8300000000000045,
            -2.8300000000000045,
            -2.8300000000000045,
            -2.8300000000000045,
            -2.8300000000000045,
            -2.8300000000000045,
            -1.2100000000000044,
            -1.2100000000000044,
            -1.2100000000000044,
            -1.2100000000000044,
            -1.2100000000000044,
            -1.2100000000000044,
            -1.2100000000000044,
            -1.2100000000000044,
            -1.2100000000000044,
            -1.2100000000000044,
            -1.2100000000000044,
            -1.2100000000000044,
            -1.2100000000000044,
            -1.2100000000000044,
            -1.2100000000000044,
            -1.2100000000000044,
            -1.2100000000000044,
            -1.2100000000000044,
            -1.2100000000000044,
            -1.2100000000000044,
            -1.2100000000000044,
            -1.2100000000000044,
            -1.2100000000000044,
            -1.2100000000000044,
            -1.2100000000000044,
            -1.2100000000000044,
            -1.2100000000000044,
            -1.2100000000000044,
            -1.2100000000000044,
            -1.2100000000000044,
            -1.2100000000000044,
            -1.2100000000000044,
            -1.2100000000000044,
            -1.2100000000000044,
            -1.2100000000000044,
            -1.2100000000000044,
            -1.2100000000000044,
            -1.2100000000000044,
            -1.2100000000000044,
            -1.2100000000000044,
            -1.2100000000000044,
            -1.2100000000000044,
            -1.2100000000000044,
            -1.2100000000000044,
            -1.2100000000000044,
            -1.2100000000000044,
            -1.2100000000000044,
            -1.2100000000000044,
            -1.2100000000000044,
            -1.2100000000000044,
            -1.2100000000000044,
            -1.2100000000000044,
            -2.8300000000000045,
            -2.8300000000000045,
            -2.8300000000000045,
            -2.8300000000000045,
            -2.8300000000000045,
            -2.8300000000000045,
            -2.8300000000000045,
            -2.8300000000000045,
            -2.8300000000000045,
            -2.8300000000000045,
            -2.8300000000000045,
            -1.2100000000000044
        ],