{
    "config": {
        "size": 5,
        "obstacle_density": 0.2,
        "maps": 10,
        "num_agents": 2,
        "num_states": 2500,
        "obs_radius": 2,
        "epochs": 100,
        "episodes_per_epoch": 20,
        "episode_length": 25,
        "learning_rate": 0.001,
        "gamma": 0.99,
        "epsilon_max": 1,
        "epsilon_min": 0.1,
        "renders": "renders/",
        "solution_concept": "WelfareSolutionConcept",
        "save_every": 10
    },
    "metrics": {
        "individual_reward_per_epoch": [
            -2.400000000000001,
            -2.400000000000001,
            -1.1700000000000006,
            -1.1700000000000006,
            -1.1700000000000006,
            -1.1700000000000006,
            -1.1700000000000006,
            -1.1700000000000006,
            -1.1700000000000006,
            -1.1700000000000006,
            -1.1700000000000006,
            -1.1700000000000006,
            -1.1700000000000006,
            -1.1700000000000006,
            -1.1700000000000006,
            -1.1700000000000006,
            -1.1700000000000006,
            -1.1700000000000006,
            -1.1700000000000006,
            -1.1700000000000006,
            -1.1700000000000006,
            -1.1700000000000006,
            -1.1700000000000006,
            -1.1700000000000006,
            -1.1700000000000006,
            -1.1700000000000006,
            -1.1700000000000006,
            -1.1700000000000006,
            -1.1700000000000006,
            -1.1700000000000006,
            -1.1700000000000006,
            -1.1700000000000006,
            -1.1700000000000006,
            -1.1700000000000006,
            -1.1700000000000006,
            -1.1700000000000006,
            -1.1700000000000006,
            -1.1700000000000006,
            -1.1700000000000006,
            -1.1700000000000006,
            -1.1700000000000006,
            -1.1700000000000006,
            -1.1700000000000006,
            -1.1700000000000006,
            -1.1700000000000006,
            -1.1700000000000006,
            -1.1700000000000006,
            -1.1700000000000006,
            -1.1700000000000006,
            -1.1700000000000006,
            -1.1700000000000006,
            -1.1700000000000006,
            -1.1700000000000006,
            -1.1700000000000006,
            -1.1700000000000006,
            -1.1700000000000006,
            -1.1700000000000006,
            -1.1700000000000006,
            -1.1700000000000006,
            -1.1700000000000006,
            -1.1700000000000006,
            -1.1700000000000006,
            0.059999999999999276,
            -1.1700000000000006,
            -1.1700000000000006,
            -1.1700000000000006,
            0.059999999999999276,
            -1.1700000000000006,
            0.059999999999999276,
            -1.1700000000000006,
            0.059999999999999276,
            -1.1700000000000006,
            -1.1700000000000006,
            -1.1700000000000006,
            0.059999999999999276,
            0.059999999999999276,
            0.059999999999999276,
            0.059999999999999276,
            0.059999999999999276,
            0.059999999999999276,
            0.059999999999999276,
            0.059999999999999276,
            0.059999999999999276,
            0.059999999999999276,
            0.059999999999999276,
            0.059999999999999276,
            0.059999999999999276,
            0.059999999999999276,
            0.059999999999999276,
            0.059999999999999276,
            0.059999999999999276,
            0.059999999999999276,
            0.059999999999999276,
            0.059999999999999276,
            0.059999999999999276,
            0.059999999999999276,
            0.059999999999999276,
            0.059999999999999276,
            0.059999999999999276,
            0.059999999999999276
        ],
        "collective_reward_per_epoch": [
            -2.320000000000001,
            -1.1100000000000012,
            0.119999999999999,
            -1.090000000000001,
            -1.090000000000001,
            -1.090000000000001,
            -1.090000000000001,
            0.11999999999999877,
            0.11999999999999877,
            0.11999999999999877,
            0.11999999999999877,
            0.11999999999999877,
            0.11999999999999877,
            0.11999999999999877,
            0.11999999999999877,
            0.11999999999999877,
            0.11999999999999877,
            0.11999999999999877,
            0.11999999999999877,
            0.11999999999999877,
            0.11999999999999877,
            0.11999999999999877,
            0.11999999999999877,
            0.11999999999999877,
            0.11999999999999877,
            0.11999999999999877,
            0.11999999999999877,
            1.3299999999999987,
            1.3299999999999987,
            1.3299999999999987,
            1.3299999999999987,
            1.3299999999999987,
            0.11999999999999877,
            1.3299999999999987,
            0.11999999999999877,
            0.11999999999999877,
            0.11999999999999877,
            0.11999999999999877,
            0.11999999999999877,
            0.11999999999999877,
            0.11999999999999877,
            0.11999999999999877,
            0.11999999999999877,
            0.11999999999999877,
            0.11999999999999877,
            -1.090000000000001,
            -1.090000000000001,
            -1.090000000000001,
            -1.090000000000001,
            -1.090000000000001,
            -1.090000000000001,
            -1.090000000000001,
            -1.090000000000001,
            -1.090000000000001,
            -1.090000000000001,
            -1.090000000000001,
            -1.090000000000001,
            -1.090000000000001,
            -1.090000000000001,
            -1.090000000000001,
            -1.090000000000001,
            -1.090000000000001,
            0.13999999999999857,
            -1.090000000000001,
            -1.090000000000001,
            -1.090000000000001,
            1.3499999999999988,
            0.11999999999999855,
            1.3499999999999988,
            0.11999999999999855,
            1.3499999999999988,
            0.11999999999999855,
            -1.090000000000001,
            0.11999999999999855,
            1.3499999999999988,
            0.13999999999999857,
            1.3499999999999988,
            1.3499999999999988,
            0.13999999999999857,
            0.13999999999999857,
            0.13999999999999857,
            0.13999999999999857,
            0.13999999999999857,
            0.13999999999999857,
            0.13999999999999857,
            0.13999999999999857,
            0.13999999999999857,
            0.13999999999999857,
            0.13999999999999857,
            0.13999999999999857,
            0.13999999999999857,
            0.13999999999999857,
            0.13999999999999857,
            0.13999999999999857,
            0.13999999999999857,
            0.13999999999999857,
            0.13999999999999857,
            0.13999999999999857,
            0.13999999999999857,
            0.13999999999999857
        ],