{
    "config": {
        "size": 7,
        "obstacle_density": 0.3,
        "maps": 10,
        "num_agents": 2,
        "num_states": 9604,
        "obs_radius": 3,
        "epochs": 100,
        "episodes_per_epoch": 10,
        "episode_length": 49,
        "learning_rate": 0.001,
        "gamma": 0.99,
        "epsilon_max": 1,
        "epsilon_min": 0.5,
        "renders": "renders/",
        "solution_concept": "WelfareSolutionConcept",
        "save_every": 10
    },
    "metrics": {
        "individual_reward_per_epoch": [
            -1.850000000000002,
            -1.840000000000002,
            -1.840000000000002,
            -1.840000000000002,
            -1.840000000000002,
            -1.840000000000002,
            -1.840000000000002,
            -1.840000000000002,
            -1.840000000000002,
            -1.840000000000002,
            -1.840000000000002,
            -1.840000000000002,
            -1.840000000000002,
            -1.840000000000002,
            -1.840000000000002,
            -1.840000000000002,
            -1.840000000000002,
            -1.840000000000002,
            -1.840000000000002,
            -1.840000000000002,
            -1.840000000000002,
            -1.840000000000002,
            -1.840000000000002,
            -1.840000000000002,
            -1.840000000000002,
            -1.840000000000002,
            -1.840000000000002,
            -1.840000000000002,
            -1.840000000000002,
            -1.840000000000002,
            -1.840000000000002,
            -1.840000000000002,
            -1.840000000000002,
            -1.840000000000002,
            -1.840000000000002,
            -1.840000000000002,
            -1.840000000000002,
            -1.840000000000002,
            -1.840000000000002,
            -1.840000000000002,
            -1.840000000000002,
            -1.840000000000002,
            -0.3800000000000018,
            -1.840000000000002,
            -0.3800000000000018,
            -0.3800000000000018,
            -0.3800000000000018,
            -0.3800000000000018,
            -0.3800000000000018,
            -0.3800000000000018,
            -0.3800000000000018,
            -0.3800000000000018,
            -0.3800000000000018,
            -1.840000000000002,
            -1.840000000000002,
            -1.840000000000002,
            -0.3800000000000018,
            -1.840000000000002,
            -1.840000000000002,
            -1.840000000000002,
            -1.840000000000002,
            -0.3800000000000018,
            -1.840000000000002,
            -1.840000000000002,
            -1.840000000000002,
            -1.840000000000002,
            -1.840000000000002,
            -1.840000000000002,
            -1.840000000000002,
            -0.3800000000000018,
            -0.3800000000000018,
            -0.3800000000000018,
            -0.3800000000000018,
            -0.3800000000000018,
            -1.840000000000002,
            -1.840000000000002,
            -1.840000000000002,
            -1.840000000000002,
            -1.840000000000002,
            -1.840000000000002,
            -0.3800000000000018,
            -0.3800000000000018,
            -0.3800000000000018,
            -0.3800000000000018,
            -0.3800000000000018,
            -0.3800000000000018,
            -1.840000000000002,
            -1.840000000000002,
            -1.840000000000002,
            -1.840000000000002,
            -1.840000000000002,
            -1.840000000000002,
            -1.840000000000002,
            -1.840000000000002,
            -1.840000000000002,
            -0.3800000000000018,
            -0.3800000000000018,
            -0.3800000000000018,
            -0.3800000000000018,
            -0.3800000000000018
        ],
        "collective_reward_per_epoch": [
            -6.650000000000005,
            -5.190000000000005,
            -6.640000000000005,
            -5.190000000000005,
            -6.640000000000005,
            -6.640000000000005,
            -5.190000000000005,
            -6.640000000000005,
            -6.640000000000005,
            -6.640000000000005,
            -6.640000000000005,
            -6.640000000000005,
            -6.640000000000005,
            -6.640000000000005,
            -6.640000000000005,
            -6.640000000000005,
            -5.190000000000005,
            -5.190000000000005,
            -6.640000000000005,
            -6.640000000000005,
            -6.640000000000005,
            -6.640000000000005,
            -6.640000000000005,
            -6.640000000000005,
            -6.640000000000005,
            -6.640000000000005,
            -6.640000000000005,
            -6.640000000000005,
            -6.640000000000005,
            -6.640000000000005,
            -6.640000000000005,
            -6.640000000000005,
            -6.640000000000005,
            -5.190000000000005,
            -6.640000000000005,
            -5.190000000000005,
            -5.190000000000005,
            -6.640000000000005,
            -6.640000000000005,
            -5.190000000000005,
            -6.640000000000005,
            -6.640000000000005,
            -5.180000000000005,
            -6.640000000000005,
            -5.180000000000005,
            -5.180000000000005,
            -5.180000000000005,
            -5.180000000000005,
            -5.180000000000005,
            -5.180000000000005,
            -5.180000000000005,
            -5.180000000000005,
            -5.180000000000005,
            -6.640000000000005,
            -6.640000000000005,
            -5.190000000000005,
            -3.7300000000000044,
            -5.190000000000005,
            -5.190000000000005,
            -5.190000000000005,
            -5.190000000000005,
            -3.7300000000000044,
            -5.190000000000005,
            -5.190000000000005,
            -5.190000000000005,
            -5.190000000000005,
            -5.190000000000005,
            -5.190000000000005,
            -5.190000000000005,
            -3.7300000000000044,
            -3.7300000000000044,
            -3.7300000000000044,
            -3.7300000000000044,
            -5.180000000000005,
            -6.640000000000005,
            -6.640000000000005,
            -6.640000000000005,
            -6.640000000000005,
            -6.640000000000005,
            -6.640000000000005,
            -5.180000000000005,
            -5.180000000000005,
            -5.180000000000005,
            -5.180000000000005,
            -3.7300000000000044,
            -3.7300000000000044,
            -5.190000000000005,
            -5.190000000000005,
            -5.190000000000005,
            -5.190000000000005,
            -5.190000000000005,
            -5.190000000000005,
            -5.190000000000005,
            -6.640000000000005,
            -6.640000000000005,
            -5.180000000000005,
            -5.180000000000005,
            -5.180000000000005,
            -5.180000000000005,
            -5.180000000000005
        ],