{
    "config": {
        "size": 4,
        "obstacle_density": 0.1,
        "maps": 10,
        "num_agents": 2,
        "num_states": 1024,
        "obs_radius": 1,
        "epochs": 100,
        "episodes_per_epoch": 30,
        "episode_length": 16,
        "learning_rate": 0.001,
        "gamma": 0.99,
        "epsilon_max": 1,
        "epsilon_min": 0.1,
        "renders": "renders/",
        "solution_concept": "WelfareSolutionConcept",
        "save_every": 10
    },
    "metrics": {
        "individual_reward_per_epoch": [
            0.8,
            0.8,
            0.8,
            3.06,
            3.0400000000000005,
            1.94,
            3.0300000000000007,
            3.0300000000000002,
            4.159999999999998,
            3.0400000000000005,
            0.8,
            3.0100000000000007,
            3.0100000000000007,
            1.8900000000000006,
            1.8900000000000006,
            1.8900000000000006,
            1.9300000000000002,
            1.9300000000000002,
            1.9300000000000002,
            1.9300000000000002,
            1.9300000000000002,
            3.0700000000000003,
            1.9300000000000002,
            1.9300000000000002,
            1.9300000000000002,
            3.0700000000000003,
            1.9300000000000002,
            3.0200000000000005,
            4.139999999999999,
            3.0200000000000005,
            4.139999999999999,
            4.129999999999999,
            4.139999999999999,
            4.129999999999999,
            4.129999999999999,
            4.129999999999999,
            4.129999999999999,
            4.129999999999999,
            4.129999999999999,
            4.129999999999999,
            4.129999999999999,
            4.129999999999999,
            4.129999999999999,
            4.129999999999999,
            4.129999999999999,
            4.129999999999999,
            4.129999999999999,
            4.129999999999999,
            4.129999999999999,
            4.129999999999999,
            4.129999999999999,
            4.129999999999999,
            4.129999999999999,
            4.129999999999999,
            3.0200000000000005,
            3.0200000000000005,
            3.0200000000000005,
            4.16,
            4.16,
            4.16,
            5.299999999999999,
            5.299999999999999,
            5.299999999999999,
            5.299999999999999,
            5.299999999999999,
            5.299999999999999,
            5.299999999999999,
            5.299999999999999,
            5.299999999999999,
            5.299999999999999,
            5.299999999999999,
            5.299999999999999,
            5.299999999999999,
            5.299999999999999,
            5.299999999999999,
            5.299999999999999,
            5.299999999999999,
            5.299999999999999,
            5.299999999999999,
            5.299999999999999,
            5.299999999999999,
            5.299999999999999,
            5.299999999999999,
            5.299999999999999,
            5.299999999999999,
            5.299999999999999,
            5.299999999999999,
            5.299999999999999,
            5.299999999999999,
            5.299999999999999,
            5.299999999999999,
            5.299999999999999,
            5.299999999999999,
            5.299999999999999,
            5.299999999999999,
            5.299999999999999,
            5.299999999999999,
            5.299999999999999,
            5.299999999999999,
            5.299999999999999
        ],
        "collective_reward_per_epoch": [
            1.5799999999999996,
            1.5799999999999996,
            2.6999999999999997,
            7.2299999999999995,
            4.96,
            2.73,
            3.8200000000000003,
            3.8200000000000007,
            7.17,
            6.05,
            2.7099999999999995,
            6.05,
            6.06,
            4.91,
            4.93,
            4.92,
            4.9799999999999995,
            4.9799999999999995,
            4.959999999999999,
            4.959999999999999,
            4.97,
            6.109999999999999,
            4.97,
            4.97,
            4.959999999999999,
            6.12,
            4.9799999999999995,
            6.05,
            7.169999999999999,
            6.06,
            8.31,
            8.31,
            8.31,
            8.31,
            8.32,
            8.299999999999999,
            8.31,
            8.31,
            8.32,
            8.32,
            8.32,
            8.32,
            8.32,
            8.32,
            8.32,
            8.32,
            8.32,
            8.32,
            8.32,
            8.32,
            8.32,
            8.32,
            8.32,
            8.32,
            6.07,
            6.07,
            7.1899999999999995,
            7.21,
            7.21,
            7.21,
            8.35,
            8.35,
            8.35,
            8.35,
            8.35,
            8.35,
            8.35,
            8.35,
            8.35,
            8.35,
            8.35,
            8.35,
            8.35,
            8.35,
            8.35,
            8.35,
            8.35,
            8.35,
            8.35,
            8.35,
            8.35,
            8.35,
            8.35,
            8.35,
            8.35,
            8.35,
            8.35,
            8.35,
            8.35,
            8.35,
            8.35,
            8.35,
            8.35,
            8.35,
            8.35,
            8.35,
            8.35,
            8.35,
            8.35,
            8.35
        ],