{
    "config": {
        "size": 4,
        "obstacle_density": 0.1,
        "maps": 10,
        "num_agents": 2,
        "num_states": 1024,
        "obs_radius": 1,
        "epochs": 100,
        "episodes_per_epoch": 30,
        "episode_length": 16,
        "learning_rate": 0.0001,
        "gamma": 0.99,
        "epsilon_max": 1,
        "epsilon_min": 0.01,
        "renders": "renders/",
        "solution_concept": "ParetoSolutionConcept",
        "save_every": 10
    },
    "metrics": {
        "individual_reward_per_epoch": [
            0.8,
            0.7899999999999999,
            0.8,
            1.94,
            1.9400000000000004,
            1.9200000000000004,
            0.8,
            3.07,
            3.07,
            3.07,
            1.9300000000000002,
            3.0800000000000005,
            3.0399999999999996,
            1.9400000000000004,
            3.07,
            3.0100000000000002,
            1.9300000000000006,
            1.9300000000000006,
            1.9300000000000006,
            1.9300000000000002,
            4.21,
            3.0800000000000005,
            3.0800000000000005,
            1.9300000000000006,
            0.8,
            0.8,
            1.9400000000000004,
            0.8,
            0.8,
            0.8,
            0.8,
            0.8,
            0.8,
            0.8,
            3.06,
            3.06,
            1.9300000000000002,
            3.0300000000000002,
            3.04,
            3.0500000000000003,
            0.77,
            -0.3500000000000001,
            -0.3500000000000001,
            0.78,
            3.04,
            1.9200000000000004,
            1.9000000000000004,
            3.04,
            1.9200000000000004,
            0.7900000000000003,
            0.78,
            0.78,
            0.78,
            0.78,
            0.78,
            0.78,
            0.78,
            0.78,
            0.78,
            0.78,
            0.78,
            0.78,
            0.78,
            0.78,
            0.78,
            1.9000000000000004,
            1.9000000000000004,
            1.9000000000000004,
            0.78,
            0.78,
            0.78,
            0.76,
            0.76,
            0.78,
            0.78,
            0.76,
            0.78,
            -0.3500000000000001,
            -0.3500000000000001,
            -0.3500000000000001,
            -0.3500000000000001,
            -0.3500000000000001,
            0.78,
            1.9300000000000002,
            1.9300000000000002,
            1.9300000000000002,
            1.9300000000000002,
            1.9300000000000002,
            3.06,
            1.9300000000000002,
            3.06,
            3.0200000000000005,
            3.06,
            3.06,
            4.1899999999999995,
            5.279999999999999,
            3.06,
            3.06,
            3.06,
            3.06
        ],
        "collective_reward_per_epoch": [
            0.45000000000000007,
            0.43999999999999995,
            1.5699999999999998,
            2.71,
            2.7,
            1.5699999999999998,
            2.7199999999999998,
            6.119999999999999,
            7.26,
            6.119999999999999,
            4.9799999999999995,
            6.12,
            4.96,
            4.97,
            4.989999999999999,
            5.97,
            6.1,
            7.24,
            3.810000000000001,
            4.989999999999999,
            7.25,
            5.0,
            6.119999999999999,
            2.71,
            1.58,
            2.7199999999999998,
            6.12,
            3.84,
            2.7199999999999998,
            3.85,
            2.71,
            3.85,
            3.85,
            3.85,
            6.109999999999999,
            6.109999999999999,
            4.9799999999999995,
            4.949999999999999,
            6.089999999999999,
            7.199999999999999,
            4.92,
            2.6999999999999993,
            2.6999999999999993,
            3.83,
            7.21,
            4.95,
            6.09,
            7.21,
            4.95,
            3.8200000000000007,
            3.83,
            3.83,
            3.83,
            3.83,
            3.83,
            3.83,
            3.83,
            4.969999999999999,
            4.969999999999999,
            4.969999999999999,
            4.969999999999999,
            4.969999999999999,
            3.83,
            3.83,
            3.83,
            7.199999999999999,
            7.199999999999999,
            8.34,
            6.079999999999999,
            6.079999999999999,
            4.9399999999999995,
            4.909999999999999,
            4.909999999999999,
            6.069999999999999,
            6.069999999999999,
            6.05,
            6.079999999999999,
            3.84,
            2.6999999999999993,
            2.6999999999999993,
            3.84,
            2.6999999999999993,
            4.93,
            4.9799999999999995,
            4.9799999999999995,
            6.119999999999999,
            6.119999999999999,
            4.9799999999999995,
            6.109999999999999,
            4.9799999999999995,
            6.109999999999999,
            6.07,
            6.109999999999999,
            6.109999999999999,
            8.35,
            8.33,
            6.109999999999999,
            7.23,
            7.25,
            7.25
        ],