{
    "config": {
        "size": 8,
        "obstacle_density": 0.4,
        "maps": 10,
        "num_agents": 2,
        "num_states": 16384,
        "obs_radius": 3,
        "epochs": 100,
        "episodes_per_epoch": 10,
        "episode_length": 64,
        "learning_rate": 0.0001,
        "gamma": 0.99,
        "epsilon_max": 1,
        "epsilon_min": 0.1,
        "renders": "renders/",
        "solution_concept": "ParetoSolutionConcept",
        "save_every": 10
    },
    "metrics": {
        "individual_reward_per_epoch": [
            -3.0400000000000027,
            0.20999999999999797,
            -3.0400000000000027,
            -1.4100000000000024,
            -1.4100000000000024,
            -3.0400000000000027,
            -1.4100000000000024,
            -1.4100000000000024,
            0.21999999999999797,
            -3.0400000000000027,
            -1.4100000000000024,
            -1.4100000000000024,
            -1.4100000000000024,
            -1.4100000000000024,
            -1.4100000000000024,
            1.8199999999999985,
            1.8299999999999983,
            0.19999999999999796,
            3.429999999999999,
            1.8299999999999983,
            0.19999999999999796,
            -1.4100000000000024,
            0.21999999999999797,
            0.21999999999999797,
            0.21999999999999797,
            -1.4100000000000024,
            -1.4100000000000024,
            -1.4100000000000024,
            -1.4100000000000024,
            -1.4100000000000024,
            -1.4100000000000024,
            -1.4100000000000024,
            -1.4100000000000024,
            -1.4100000000000024,
            -1.4100000000000024,
            -1.4100000000000024,
            -1.4100000000000024,
            -1.4100000000000024,
            -1.4100000000000024,
            -1.4100000000000024,
            -1.4100000000000024,
            0.21999999999999797,
            0.21999999999999797,
            0.21999999999999797,
            0.21999999999999797,
            0.21999999999999797,
            0.21999999999999797,
            0.21999999999999797,
            0.21999999999999797,
            0.21999999999999797,
            -1.4100000000000024,
            0.21999999999999797,
            0.21999999999999797,
            0.21999999999999797,
            -1.4100000000000024,
            0.21999999999999797,
            -1.4100000000000024,
            -1.4100000000000024,
            0.21999999999999797,
            0.21999999999999797,
            -1.4100000000000024,
            -1.4100000000000024,
            -3.0400000000000027,
            -3.0400000000000027,
            -3.0400000000000027,
            -3.0400000000000027,
            -3.0400000000000027,
            -3.0400000000000027,
            -1.4100000000000024,
            -1.4100000000000024,
            -1.4100000000000024,
            -1.4100000000000024,
            -1.4100000000000024,
            -1.4100000000000024,
            1.759999999999998,
            1.759999999999998,
            -1.4100000000000024,
            -1.4100000000000024,
            0.21999999999999797,
            0.21999999999999797,
            1.7899999999999983,
            0.21999999999999797,
            0.21999999999999797,
            0.21999999999999797,
            0.21999999999999797,
            0.21999999999999797,
            0.21999999999999797,
            0.21999999999999797,
            1.819999999999998,
            0.21999999999999797,
            1.819999999999998,
            1.819999999999998,
            0.21999999999999797,
            0.21999999999999797,
            0.21999999999999797,
            0.21999999999999797,
            0.21999999999999797,
            0.21999999999999797,
            0.21999999999999797,
            0.21999999999999797
        ],
        "collective_reward_per_epoch": [
            -9.340000000000007,
            -4.460000000000005,
            -7.710000000000006,
            -4.460000000000005,
            -2.840000000000005,
            -7.710000000000006,
            -2.840000000000005,
            -4.460000000000005,
            -1.2100000000000044,
            -6.090000000000006,
            -4.460000000000005,
            -2.840000000000005,
            -1.2200000000000044,
            -1.2200000000000044,
            -1.2200000000000044,
            2.0099999999999962,
            0.39999999999999614,
            -1.2300000000000044,
            1.9999999999999964,
            -1.2300000000000044,
            -4.480000000000005,
            -6.090000000000005,
            -4.450000000000005,
            -2.8300000000000045,
            -4.450000000000005,
            -6.080000000000005,
            -6.080000000000005,
            -4.460000000000005,
            -4.460000000000005,
            -4.460000000000005,
            -4.460000000000005,
            -2.840000000000005,
            -2.840000000000005,
            -2.840000000000005,
            -2.840000000000005,
            -4.460000000000005,
            -4.460000000000005,
            -4.460000000000005,
            -6.080000000000005,
            -4.460000000000005,
            -4.460000000000005,
            -2.8300000000000045,
            -2.8300000000000045,
            -2.8300000000000045,
            -2.8300000000000045,
            -2.8300000000000045,
            -2.8300000000000045,
            -2.8300000000000045,
            -2.8300000000000045,
            -1.2100000000000044,
            -4.460000000000005,
            -2.8300000000000045,
            -2.8300000000000045,
            -2.8300000000000045,
            -4.460000000000005,
            -2.8300000000000045,
            -4.460000000000005,
            -4.460000000000005,
            -2.8300000000000045,
            -2.8300000000000045,
            -4.460000000000005,
            -2.850000000000005,
            -4.480000000000005,
            -4.480000000000005,
            -4.480000000000005,
            -4.480000000000005,
            -4.480000000000005,
            -4.480000000000005,
            -2.850000000000005,
            -2.850000000000005,
            -2.850000000000005,
            -2.850000000000005,
            -2.850000000000005,
            -4.460000000000005,
            0.31999999999999607,
            -1.2900000000000043,
            -2.850000000000005,
            -4.460000000000005,
            -2.8300000000000045,
            -2.8300000000000045,
            -1.2600000000000044,
            -2.8300000000000045,
            -2.8300000000000045,
            -2.8300000000000045,
            -2.8300000000000045,
            -2.8300000000000045,
            -2.8300000000000045,
            -2.8300000000000045,
            -1.2300000000000044,
            -2.8300000000000045,
            -1.2300000000000044,
            0.3899999999999959,
            -1.2100000000000044,
            -1.2100000000000044,
            -1.2100000000000044,
            -1.2100000000000044,
            -1.2100000000000044,
            -2.8300000000000045,
            -2.8300000000000045,
            -2.8300000000000045
        ],