{
    "config": {
        "size": 5,
        "obstacle_density": 0.2,
        "maps": 10,
        "num_agents": 2,
        "num_states": 2500,
        "obs_radius": 2,
        "epochs": 100,
        "episodes_per_epoch": 20,
        "episode_length": 25,
        "learning_rate": 0.0001,
        "gamma": 0.99,
        "epsilon_max": 1,
        "epsilon_min": 0.1,
        "renders": "renders/",
        "solution_concept": "ParetoSolutionConcept",
        "save_every": 10
    },
    "metrics": {
        "individual_reward_per_epoch": [
            -1.1700000000000008,
            -2.400000000000001,
            -1.1700000000000006,
            0.05999999999999939,
            -2.400000000000001,
            -2.400000000000001,
            -1.1700000000000006,
            0.05999999999999939,
            -1.1900000000000004,
            -2.400000000000001,
            -2.400000000000001,
            -1.1900000000000006,
            0.029999999999999277,
            -1.1700000000000006,
            -2.400000000000001,
            -1.1800000000000008,
            -2.400000000000001,
            -2.400000000000001,
            -2.400000000000001,
            -2.400000000000001,
            -2.400000000000001,
            -2.400000000000001,
            -1.1700000000000006,
            -2.400000000000001,
            -2.400000000000001,
            -1.1700000000000006,
            -2.400000000000001,
            -2.400000000000001,
            -2.400000000000001,
            -2.400000000000001,
            -2.400000000000001,
            -2.400000000000001,
            -1.1700000000000008,
            -1.1700000000000008,
            -1.1700000000000008,
            -2.400000000000001,
            -2.400000000000001,
            -2.400000000000001,
            -2.400000000000001,
            -2.400000000000001,
            -2.400000000000001,
            -2.400000000000001,
            -2.400000000000001,
            -1.1800000000000008,
            -2.400000000000001,
            -2.400000000000001,
            -1.1800000000000008,
            -2.400000000000001,
            -2.400000000000001,
            -2.400000000000001,
            -2.400000000000001,
            -2.400000000000001,
            -1.1700000000000008,
            0.029999999999999277,
            -2.400000000000001,
            -1.1700000000000008,
            -1.1700000000000008,
            -1.1700000000000008,
            -2.400000000000001,
            0.039999999999999286,
            -2.400000000000001,
            -2.400000000000001,
            -1.1900000000000004,
            0.0399999999999994,
            -2.400000000000001,
            -2.400000000000001,
            -2.400000000000001,
            -2.400000000000001,
            -1.1700000000000008,
            -1.1700000000000008,
            -1.1700000000000008,
            -2.400000000000001,
            -2.400000000000001,
            -2.400000000000001,
            -1.1700000000000008,
            -1.1700000000000008,
            -1.1700000000000008,
            -2.400000000000001,
            -2.400000000000001,
            -1.1700000000000008,
            -1.1700000000000008,
            -1.1700000000000008,
            -1.1700000000000008,
            -1.1700000000000008,
            -1.1700000000000006,
            0.02999999999999939,
            -1.1700000000000008,
            0.059999999999999415,
            0.0399999999999994,
            0.0399999999999994,
            0.059999999999999415,
            0.059999999999999415,
            0.059999999999999415,
            0.0399999999999994,
            0.039999999999999286,
            0.039999999999999286,
            1.2399999999999995,
            0.0399999999999994,
            0.0399999999999994,
            0.039999999999999286
        ],
        "collective_reward_per_epoch": [
            -3.570000000000001,
            -3.560000000000001,
            0.12999999999999856,
            2.5999999999999988,
            -2.320000000000001,
            -2.320000000000001,
            -1.090000000000001,
            0.1399999999999988,
            -1.1100000000000012,
            -2.320000000000001,
            -2.320000000000001,
            0.10999999999999854,
            -1.1300000000000017,
            -1.0900000000000012,
            -2.320000000000001,
            -1.1000000000000014,
            -2.320000000000001,
            -2.320000000000001,
            -2.320000000000001,
            -2.320000000000001,
            -1.0900000000000016,
            -1.0900000000000016,
            -1.090000000000001,
            -2.320000000000001,
            -2.320000000000001,
            -1.0900000000000012,
            -2.320000000000001,
            -2.320000000000001,
            -2.320000000000001,
            -2.320000000000001,
            -2.320000000000001,
            -2.320000000000001,
            0.1299999999999989,
            1.3699999999999988,
            1.3699999999999988,
            0.11999999999999855,
            0.11999999999999855,
            -2.320000000000001,
            -1.0900000000000012,
            0.13999999999999857,
            0.13999999999999857,
            0.13999999999999857,
            0.13999999999999857,
            1.3599999999999985,
            0.13999999999999857,
            0.12999999999999856,
            1.3499999999999983,
            0.12999999999999856,
            0.12999999999999856,
            0.12999999999999856,
            0.12999999999999856,
            0.12999999999999856,
            1.3599999999999985,
            2.5599999999999987,
            0.12999999999999856,
            1.3599999999999985,
            -1.0900000000000016,
            -1.0900000000000016,
            -2.320000000000001,
            2.5599999999999987,
            -1.1400000000000015,
            0.13999999999999857,
            1.3299999999999987,
            1.2999999999999985,
            0.11999999999999855,
            -2.320000000000001,
            0.13999999999999857,
            1.3499999999999988,
            2.5799999999999983,
            1.3699999999999988,
            2.5799999999999983,
            1.3499999999999988,
            1.3499999999999988,
            1.3499999999999988,
            2.5799999999999983,
            2.5799999999999983,
            1.3299999999999983,
            -1.1100000000000012,
            -2.320000000000001,
            0.1299999999999989,
            1.3699999999999988,
            0.11999999999999866,
            0.11999999999999866,
            0.11999999999999866,
            0.13999999999999868,
            2.5699999999999985,
            1.3699999999999988,
            2.5999999999999988,
            1.3499999999999988,
            1.3499999999999988,
            1.3499999999999992,
            2.5999999999999988,
            2.5999999999999988,
            2.5599999999999987,
            1.3299999999999987,
            1.3299999999999987,
            1.3199999999999985,
            0.11999999999999877,
            1.3499999999999988,
            1.3299999999999987
        ],