{
    "config": {
        "size": 7,
        "obstacle_density": 0.3,
        "maps": 10,
        "num_agents": 2,
        "num_states": 9604,
        "obs_radius": 3,
        "epochs": 100,
        "episodes_per_epoch": 10,
        "episode_length": 49,
        "learning_rate": 1e-05,
        "gamma": 0.99,
        "epsilon_max": 1,
        "epsilon_min": 0.01,
        "renders": "renders/",
        "solution_concept": "ParetoSolutionConcept",
        "save_every": 10
    },
    "metrics": {
        "individual_reward_per_epoch": [
            -4.800000000000003,
            -1.840000000000002,
            -1.840000000000002,
            -1.840000000000002,
            -3.3200000000000025,
            -3.3200000000000025,
            -3.3200000000000025,
            -1.840000000000002,
            -3.3200000000000025,
            -3.3200000000000025,
            -3.3200000000000025,
            -1.840000000000002,
            -1.840000000000002,
            -3.3200000000000025,
            -3.3200000000000025,
            -1.840000000000002,
            -1.840000000000002,
            -3.3200000000000025,
            -3.3200000000000025,
            -1.840000000000002,
            -0.3800000000000018,
            -0.3800000000000018,
            -3.3200000000000025,
            -3.3200000000000025,
            -3.3200000000000025,
            -3.3200000000000025,
            -1.840000000000002,
            -3.3200000000000025,
            -3.3200000000000025,
            -3.3200000000000025,
            -1.840000000000002,
            -1.840000000000002,
            -1.840000000000002,
            -1.840000000000002,
            -1.840000000000002,
            -1.840000000000002,
            -1.840000000000002,
            -3.3200000000000025,
            -1.840000000000002,
            -1.840000000000002,
            -1.840000000000002,
            -3.3200000000000025,
            -1.840000000000002,
            -3.3200000000000025,
            -3.3200000000000025,
            -3.3200000000000025,
            -1.840000000000002,
            -1.840000000000002,
            -1.840000000000002,
            -1.840000000000002,
            -1.840000000000002,
            -1.840000000000002,
            -3.3200000000000025,
            -3.3200000000000025,
            -3.3200000000000025,
            -1.840000000000002,
            -1.840000000000002,
            -1.840000000000002,
            -1.840000000000002,
            -1.840000000000002,
            -1.840000000000002,
            -1.840000000000002,
            -1.840000000000002,
            -1.840000000000002,
            -1.840000000000002,
            -1.840000000000002,
            -1.840000000000002,
            -1.840000000000002,
            -1.840000000000002,
            -1.840000000000002,
            -1.840000000000002,
            -1.840000000000002,
            -1.840000000000002,
            -1.840000000000002,
            -1.840000000000002,
            -1.840000000000002,
            -1.840000000000002,
            -3.3200000000000025,
            -1.840000000000002,
            -1.840000000000002,
            -1.840000000000002,
            -1.840000000000002,
            -1.840000000000002,
            -1.840000000000002,
            -1.840000000000002,
            -1.840000000000002,
            -1.840000000000002,
            -1.840000000000002,
            -1.840000000000002,
            -1.840000000000002,
            -1.840000000000002,
            -1.840000000000002,
            -1.840000000000002,
            -1.840000000000002,
            -1.840000000000002,
            -1.840000000000002,
            -1.840000000000002,
            -1.840000000000002,
            -1.840000000000002,
            -1.840000000000002
        ],
        "collective_reward_per_epoch": [
            -9.600000000000007,
            -6.640000000000005,
            -5.190000000000005,
            -5.180000000000005,
            -8.120000000000006,
            -8.120000000000006,
            -8.120000000000006,
            -6.640000000000005,
            -8.120000000000006,
            -8.120000000000006,
            -8.120000000000006,
            -6.640000000000005,
            -6.640000000000005,
            -8.120000000000006,
            -8.120000000000006,
            -6.640000000000005,
            -6.640000000000005,
            -8.120000000000006,
            -8.120000000000006,
            -6.640000000000005,
            -5.180000000000005,
            -5.180000000000005,
            -8.120000000000006,
            -8.120000000000006,
            -8.120000000000006,
            -8.120000000000006,
            -6.640000000000005,
            -8.120000000000006,
            -8.120000000000006,
            -8.120000000000006,
            -6.640000000000005,
            -6.640000000000005,
            -6.640000000000005,
            -6.640000000000005,
            -6.640000000000005,
            -6.640000000000005,
            -6.640000000000005,
            -8.120000000000006,
            -6.640000000000005,
            -6.640000000000005,
            -6.640000000000005,
            -8.120000000000006,
            -6.640000000000005,
            -8.120000000000006,
            -8.120000000000006,
            -8.120000000000006,
            -6.640000000000005,
            -6.640000000000005,
            -6.640000000000005,
            -6.640000000000005,
            -6.640000000000005,
            -6.640000000000005,
            -8.120000000000006,
            -8.120000000000006,
            -8.120000000000006,
            -6.640000000000005,
            -6.640000000000005,
            -5.190000000000005,
            -5.190000000000005,
            -6.640000000000005,
            -6.640000000000005,
            -6.640000000000005,
            -6.640000000000005,
            -6.640000000000005,
            -6.640000000000005,
            -6.640000000000005,
            -6.640000000000005,
            -6.640000000000005,
            -6.640000000000005,
            -6.640000000000005,
            -6.640000000000005,
            -6.640000000000005,
            -6.640000000000005,
            -6.640000000000005,
            -6.640000000000005,
            -6.640000000000005,
            -6.640000000000005,
            -8.120000000000006,
            -6.640000000000005,
            -6.640000000000005,
            -6.640000000000005,
            -6.640000000000005,
            -6.640000000000005,
            -6.640000000000005,
            -6.640000000000005,
            -6.640000000000005,
            -6.640000000000005,
            -6.640000000000005,
            -6.640000000000005,
            -6.640000000000005,
            -6.640000000000005,
            -6.640000000000005,
            -6.640000000000005,
            -6.640000000000005,
            -6.640000000000005,
            -6.640000000000005,
            -6.640000000000005,
            -6.640000000000005,
            -6.640000000000005,
            -6.640000000000005
        ],