{
    "config": {
        "size": 5,
        "obstacle_density": 0.2,
        "maps": 10,
        "num_agents": 2,
        "num_states": 2500,
        "obs_radius": 2,
        "epochs": 100,
        "episodes_per_epoch": 20,
        "episode_length": 25,
        "learning_rate": 0.001,
        "gamma": 0.99,
        "epsilon_max": 1,
        "epsilon_min": 0.1,
        "renders": "renders/",
        "solution_concept": "NashSolutionConcept",
        "save_every": 10
    },
    "metrics": {
        "individual_reward_per_epoch": [
            -2.400000000000001,
            0.05999999999999939,
            -2.400000000000001,
            -2.400000000000001,
            -1.1700000000000008,
            -2.400000000000001,
            -2.400000000000001,
            -2.400000000000001,
            -2.400000000000001,
            1.2699999999999996,
            -1.1700000000000006,
            -2.400000000000001,
            -2.400000000000001,
            0.05999999999999939,
            0.05999999999999939,
            0.05999999999999939,
            -1.1700000000000006,
            1.2799999999999994,
            0.04999999999999927,
            0.05999999999999939,
            0.05999999999999939,
            0.05999999999999939,
            -1.1700000000000006,
            0.05999999999999939,
            0.05999999999999939,
            1.2699999999999994,
            1.2899999999999996,
            0.059999999999999276,
            2.51,
            2.51,
            1.2899999999999996,
            1.2899999999999996,
            1.2899999999999996,
            0.05999999999999939,
            1.2899999999999996,
            0.05999999999999939,
            1.2699999999999994,
            1.2899999999999996,
            1.2899999999999996,
            1.2899999999999996,
            2.4899999999999998,
            1.2899999999999996,
            1.2899999999999996,
            1.2899999999999996,
            1.2899999999999996,
            1.2899999999999996,
            1.2899999999999996,
            1.2899999999999996,
            2.5199999999999996,
            2.4899999999999998,
            2.5199999999999996,
            2.5199999999999996,
            1.2899999999999996,
            1.2899999999999996,
            1.2899999999999996,
            1.2899999999999996,
            1.2899999999999996,
            1.2899999999999996,
            1.2899999999999996,
            1.2899999999999996,
            1.2899999999999996,
            1.2899999999999996,
            1.2899999999999996,
            1.2899999999999996,
            1.2899999999999996,
            0.05999999999999939,
            1.2899999999999996,
            1.2899999999999996,
            1.2899999999999996,
            1.2899999999999996,
            0.05999999999999939,
            1.2899999999999996,
            1.2899999999999996,
            1.2899999999999996,
            1.2899999999999996,
            1.2899999999999996,
            1.2899999999999996,
            1.2899999999999996,
            1.2899999999999996,
            1.2899999999999996,
            1.2899999999999996,
            1.2899999999999996,
            1.2899999999999996,
            1.2899999999999996,
            1.2899999999999996,
            1.2899999999999996,
            1.2899999999999996,
            1.2899999999999996,
            1.2899999999999996,
            1.2899999999999996,
            1.2899999999999996,
            1.2899999999999996,
            1.2899999999999996,
            1.2899999999999996,
            1.2899999999999996,
            1.2899999999999996,
            1.2899999999999996,
            1.2899999999999996,
            1.2899999999999996,
            1.2899999999999996
        ],
        "collective_reward_per_epoch": [
            -4.800000000000002,
            1.3699999999999988,
            -1.0900000000000016,
            -1.0900000000000012,
            0.13999999999999857,
            -2.320000000000001,
            -2.320000000000001,
            -1.0900000000000016,
            -2.320000000000001,
            2.549999999999999,
            -1.090000000000001,
            -2.320000000000001,
            -2.320000000000001,
            0.1399999999999988,
            1.3699999999999988,
            1.3699999999999988,
            0.13999999999999857,
            1.3599999999999988,
            1.3599999999999985,
            0.1399999999999988,
            0.1399999999999988,
            0.1399999999999988,
            -1.0900000000000012,
            0.1399999999999988,
            0.1399999999999988,
            2.579999999999999,
            2.5999999999999988,
            1.3699999999999988,
            2.589999999999999,
            3.8199999999999994,
            1.3699999999999988,
            2.5999999999999988,
            2.5999999999999988,
            0.1399999999999988,
            1.3699999999999988,
            0.1399999999999988,
            2.579999999999999,
            2.5799999999999983,
            2.5799999999999983,
            3.7799999999999994,
            3.7799999999999985,
            2.5799999999999983,
            2.5799999999999983,
            2.589999999999999,
            1.3699999999999988,
            2.589999999999999,
            2.589999999999999,
            2.589999999999999,
            5.02,
            3.7999999999999994,
            3.82,
            3.82,
            1.3699999999999988,
            2.589999999999999,
            2.589999999999999,
            2.589999999999999,
            2.589999999999999,
            2.589999999999999,
            2.589999999999999,
            1.3699999999999988,
            2.5999999999999988,
            2.5999999999999988,
            2.589999999999999,
            2.589999999999999,
            2.5999999999999988,
            1.3699999999999988,
            2.5999999999999988,
            2.5999999999999988,
            2.589999999999999,
            2.589999999999999,
            1.3699999999999988,
            2.5999999999999988,
            2.589999999999999,
            2.5999999999999988,
            2.5999999999999988,
            3.809999999999999,
            3.809999999999999,
            3.809999999999999,
            3.809999999999999,
            3.809999999999999,
            3.7999999999999994,
            3.7999999999999994,
            3.7999999999999994,
            3.7999999999999994,
            3.7999999999999994,
            2.589999999999999,
            3.7999999999999994,
            3.7999999999999994,
            3.7999999999999994,
            3.7999999999999994,
            2.589999999999999,
            3.7999999999999994,
            2.589999999999999,
            2.589999999999999,
            2.589999999999999,
            2.589999999999999,
            2.589999999999999,
            2.5999999999999988,
            2.5999999999999988,
            5.029999999999999
        ],