{
    "config": {
        "size": 4,
        "obstacle_density": 0.1,
        "maps": 10,
        "num_agents": 2,
        "num_states": 1024,
        "obs_radius": 1,
        "epochs": 100,
        "episodes_per_epoch": 30,
        "episode_length": 16,
        "learning_rate": 0.001,
        "gamma": 0.99,
        "epsilon_max": 1,
        "epsilon_min": 0.1,
        "renders": "renders/",
        "solution_concept": "NashSolutionConcept",
        "save_every": 10
    },
    "metrics": {
        "individual_reward_per_epoch": [
            0.7899999999999999,
            -0.3500000000000001,
            0.7899999999999999,
            -0.3500000000000001,
            0.8,
            0.8,
            1.9300000000000002,
            0.8,
            0.8,
            0.8,
            0.8,
            1.9300000000000002,
            1.9300000000000002,
            1.9300000000000002,
            0.8,
            1.9300000000000002,
            1.9200000000000004,
            0.8,
            1.9300000000000002,
            3.0700000000000003,
            1.9400000000000004,
            1.9400000000000004,
            0.8,
            3.07,
            4.21,
            1.9400000000000004,
            4.21,
            4.21,
            4.21,
            4.21,
            4.21,
            4.21,
            4.21,
            4.21,
            4.21,
            4.21,
            4.21,
            7.57,
            5.33,
            5.33,
            6.460000000000001,
            5.3100000000000005,
            5.3100000000000005,
            5.3,
            7.540000000000001,
            7.540000000000001,
            5.3100000000000005,
            6.42,
            6.42,
            5.34,
            6.4399999999999995,
            6.4399999999999995,
            6.4399999999999995,
            7.57,
            6.4399999999999995,
            5.299999999999999,
            5.299999999999999,
            5.299999999999999,
            6.470000000000001,
            5.3100000000000005,
            6.440000000000001,
            4.21,
            5.3100000000000005,
            5.3100000000000005,
            5.3100000000000005,
            6.4399999999999995,
            6.4399999999999995,
            6.4399999999999995,
            6.4399999999999995,
            6.4399999999999995,
            6.4399999999999995,
            6.4399999999999995,
            6.4399999999999995,
            6.4399999999999995,
            6.4399999999999995,
            6.4399999999999995,
            6.4399999999999995,
            6.4399999999999995,
            6.4399999999999995,
            5.34,
            6.470000000000001,
            5.34,
            6.4399999999999995,
            6.4399999999999995,
            6.4399999999999995,
            6.4399999999999995,
            6.4399999999999995,
            6.4399999999999995,
            5.34,
            6.4399999999999995,
            5.34,
            6.4399999999999995,
            5.34,
            5.34,
            5.34,
            5.34,
            6.4399999999999995,
            6.4399999999999995,
            6.4399999999999995,
            6.4399999999999995
        ],
        "collective_reward_per_epoch": [
            -0.71,
            -1.85,
            0.42,
            -0.7000000000000001,
            1.58,
            1.58,
            1.58,
            2.7199999999999998,
            2.7199999999999998,
            3.85,
            1.58,
            3.85,
            4.97,
            3.85,
            2.7199999999999998,
            3.85,
            4.97,
            2.7099999999999995,
            3.85,
            7.25,
            4.99,
            4.99,
            2.7199999999999998,
            4.989999999999999,
            7.26,
            4.99,
            7.26,
            8.4,
            7.26,
            8.4,
            7.26,
            8.39,
            8.39,
            8.379999999999999,
            9.52,
            8.379999999999999,
            8.379999999999999,
            11.71,
            8.36,
            10.6,
            11.73,
            10.58,
            9.44,
            9.46,
            12.809999999999999,
            12.82,
            10.589999999999998,
            11.709999999999999,
            11.709999999999999,
            10.63,
            11.729999999999999,
            11.729999999999999,
            11.729999999999999,
            12.86,
            11.729999999999999,
            10.589999999999998,
            10.589999999999998,
            10.589999999999998,
            11.760000000000002,
            9.49,
            10.620000000000001,
            8.39,
            9.49,
            9.49,
            9.49,
            11.729999999999999,
            11.729999999999999,
            11.729999999999999,
            11.72,
            11.72,
            11.729999999999999,
            11.729999999999999,
            11.729999999999999,
            11.729999999999999,
            11.729999999999999,
            11.72,
            11.72,
            11.72,
            11.72,
            10.62,
            11.75,
            10.62,
            11.729999999999999,
            11.729999999999999,
            11.729999999999999,
            11.729999999999999,
            11.729999999999999,
            11.729999999999999,
            10.62,
            11.729999999999999,
            10.63,
            11.729999999999999,
            10.63,
            10.63,
            10.63,
            10.63,
            11.729999999999999,
            11.729999999999999,
            11.729999999999999,
            11.729999999999999
        ],